example_id,youtube_id,start_s,duration_s,caption,labels,audio_path,mel_path
00000_-0Gj8-vB1q4,-0Gj8-vB1q4,30.0,10.0,"The low quality recording features a ballad song that contains sustained strings, mellow piano melody and soft female vocal singing over it. It sounds sad and soulful, like something you would hear at Sunday services.","[""['low quality'"", ""'sustained strings melody'"", ""'soft female vocal'"", ""'mellow piano melody'"", ""'sad'"", ""'soulful'"", ""'ballad']""]",data/processed/musiccaps/audio/00000_-0Gj8-vB1q4.wav,data/processed/musiccaps/mel/00000_-0Gj8-vB1q4.npy
00001_-0SdAVK79lg,-0SdAVK79lg,30.0,10.0,This song features an electric guitar as the main instrument. The guitar plays a descending run in the beginning then plays an arpeggiated chord followed by a double stop hammer on to a higher note and a descending slide followed by a descending chord run. The percussion plays a simple beat using rim shots. The percussion plays in common time. The bass plays only one note on the first count of each bar. The piano plays backing chords. There are no voices in this song. The mood of this song is relaxing. This song can be played in a coffee shop.,"[""['guitar song'"", ""'piano backing'"", ""'simple percussion'"", ""'relaxing melody'"", ""'slow tempo'"", ""'bass'"", ""'country feel'"", ""'instrumental'"", ""'no voice']""]",data/processed/musiccaps/audio/00001_-0SdAVK79lg.wav,data/processed/musiccaps/mel/00001_-0SdAVK79lg.npy
00002_-0vPFx-wRRI,-0vPFx-wRRI,30.0,10.0,"a male voice is singing a melody with changing tempos while snipping his fingers rhythmically. The recording sounds like it has been recorded in an empty room. This song may be playing, practicing snipping and singing along.","[""['amateur recording'"", ""'finger snipping'"", ""'male mid range voice singing'"", ""'reverb']""]",data/processed/musiccaps/audio/00002_-0vPFx-wRRI.wav,data/processed/musiccaps/mel/00002_-0vPFx-wRRI.npy
00003_-0xzrMun0Rs,-0xzrMun0Rs,30.0,10.0,This song contains digital drums playing a simple groove along with two guitars. One strumming chords along with the snare the other one playing a melody on top. An e-bass is playing the footnote while a piano is playing a major and minor chord progression. A trumpet is playing a loud melody alongside the guitar. All the instruments sound flat and are being played by a keyboard. There are little bongo hits in the background panned to the left side of the speakers. Apart from the music you can hear eating sounds and a stomach rumbling. This song may be playing for an advertisement.,"[""['backing track'"", ""'jazzy'"", ""'digital drums'"", ""'piano'"", ""'e-bass'"", ""'trumpet'"", ""'acoustic guitar'"", ""'digital keyboard song'"", ""'medium tempo']""]",data/processed/musiccaps/audio/00003_-0xzrMun0Rs.wav,data/processed/musiccaps/mel/00003_-0xzrMun0Rs.npy
00004_-1LrH01Ei1w,-1LrH01Ei1w,30.0,10.0,This song features a rubber instrument being played. The strumming is fast. The melody is played on one fretted string and other open strings. The melody is played on the lower octave and is later repeated on the higher octave. This song can be played at a folk party.,"[""['rubab instrument'"", ""'repetitive melody on different octaves'"", ""'no other instruments'"", ""'plucked string instrument'"", ""'no voice'"", ""'instrumental'"", ""'fast tempo']""]",data/processed/musiccaps/audio/00004_-1LrH01Ei1w.wav,data/processed/musiccaps/mel/00004_-1LrH01Ei1w.npy
00005_-1OlgJWehn8,-1OlgJWehn8,30.0,10.0,"This clip is three tracks playing consecutively. The first one is an electric guitar lead harmony with a groovy bass line, followed by white noise and then a female vocalisation to a vivacious melody with a keyboard harmony, slick drumming, funky bass lines and male backup. The three songs are unrelated and unsynced.","[""['instrumental'"", ""'white noise'"", ""'female vocalisation'"", ""'three unrelated tracks'"", ""'electric guitar harmony'"", ""'bass guitar'"", ""'keyboard harmony'"", ""'female lead vocalisation'"", ""'slick drumming'"", ""'boomy bass drops'"", ""'male voice backup vocalisation']""]",data/processed/musiccaps/audio/00005_-1OlgJWehn8.wav,data/processed/musiccaps/mel/00005_-1OlgJWehn8.npy
00006_-1UWSisR2zo,-1UWSisR2zo,30.0,10.0,"A male singer sings this groovy melody. The song is a techno dance song with a groovy bass line, strong drumming rhythm and a keyboard accompaniment. The song is so groovy and serves as a dance track for the dancing children. The audio quality is very poor with high gains and hissing noise.","[""['live performance'"", ""'poor audio quality'"", ""'ambient noises'"", ""'school dance program'"", ""'crowd noise'"", ""'high gain volume'"", ""'hissing tones'"", ""'medium tempo'"", ""'techno dance song'"", ""'male singer'"", ""'groovy bass line'"", ""'techno dance rhythm'"", ""'keyboard accompaniment'"", ""'kids dancing'"", ""'noisy crowds'"", ""'home video'"", ""'school program'"", ""'noise']""]",data/processed/musiccaps/audio/00006_-1UWSisR2zo.wav,data/processed/musiccaps/mel/00006_-1UWSisR2zo.npy
00007_-3Kv4fdm7Uk,-3Kv4fdm7Uk,30.0,10.0,someone is playing a high pitched melody on a steel drum. The file is of poor audio-quality.,"[""['steeldrum'"", ""'higher register'"", ""'amateur recording']""]",data/processed/musiccaps/audio/00007_-3Kv4fdm7Uk.wav,data/processed/musiccaps/mel/00007_-3Kv4fdm7Uk.npy
00008_-4NLarMj4xU,-4NLarMj4xU,30.0,10.0,"The Pop song features a soft female vocal singing over sustained pulsating synth lead, mellow piano melody, sustained synth brass, punchy kick, claps. tinny wide hi hats and high pitched female vocal melody. It sounds emotional, sad, passionate and like something you would hear on a radio.","[""['pop'"", ""'tinny wide hi hats'"", ""'mellow piano melody'"", ""'high pitched female vocal melody'"", ""'sustained pulsating synth lead'"", ""'soft female vocal'"", ""'punchy kick'"", ""'sustained synth bass'"", ""'claps'"", ""'emotional'"", ""'sad'"", ""'passionate']""]",data/processed/musiccaps/audio/00008_-4NLarMj4xU.wav,data/processed/musiccaps/mel/00008_-4NLarMj4xU.npy
00009_-4SYC2YgzL8,-4SYC2YgzL8,30.0,10.0,"low fidelity audio from a live performance featuring a solo direct input acoustic guitar strumming airy, suspended open chords. Also present are occasional ambient sounds, perhaps papers being shuffled.","[""['solo live direct input acoustic guitar strumming'"", ""'airy suspended open chords'"", ""'low fidelity'"", ""'ambient sounds'"", ""'paper shuffling']""]",data/processed/musiccaps/audio/00009_-4SYC2YgzL8.wav,data/processed/musiccaps/mel/00009_-4SYC2YgzL8.npy
00010_-5FoeegAgvU,-5FoeegAgvU,230.0,10.0,The instrumental music features an ensemble that resembles the orchestra. The melody is being played by a brass section while strings provide harmonic accompaniment. At the end of the music excerpt one can hear a double bass playing a long note and then a percussive noise.,"[""['brass'"", ""'double bass'"", ""'strings'"", ""'instrumental'"", ""'no voice'"", ""'percussion']""]",data/processed/musiccaps/audio/00010_-5FoeegAgvU.wav,data/processed/musiccaps/mel/00010_-5FoeegAgvU.npy
00011_-5f6hjZf9Yw,-5f6hjZf9Yw,30.0,10.0,This folk song features a male voice singing the main melody in an emotional mood. This is accompanied by an accordion playing fills in the background. A violin plays a droning melody. There is no percussion in this song. This song can be played at a Central Asian classical concert.,"[""['folk music'"", ""'rubab'"", ""'male voice'"", ""'slow tempo'"", ""'emotional song'"", ""'low quality audio'"", ""'violin'"", ""'accordion']""]",data/processed/musiccaps/audio/00011_-5f6hjZf9Yw.wav,data/processed/musiccaps/mel/00011_-5f6hjZf9Yw.npy
00012_-5xOcMJpTUk,-5xOcMJpTUk,70.0,10.0,"A male guitarist plays the guitar and speaks about technique in this online video tutorial. The male voice is strong and commanding, along with guitar string twang sounds, clearly demonstrating the technique. The audio quality is mediocre.","[""['guitarist'"", ""'male talking'"", ""'twang sounds'"", ""'mediocre audio quality'"", ""'guitar string tones'"", ""'guitar technique'"", ""'fretboard sounds'"", ""'guitar demo'"", ""'online guitar lessons'"", ""'home music video'"", ""'youtube tutorial'"", ""'bas]d audio quality'"", ""'humming noise'"", ""'energetic'"", ""'passionate'"", ""'spirited okay'"", ""'strong voice'"", ""'ambient room noises']""]",data/processed/musiccaps/audio/00012_-5xOcMJpTUk.wav,data/processed/musiccaps/mel/00012_-5xOcMJpTUk.npy
00013_-6HBGg1cAI0,-6HBGg1cAI0,30.0,10.0,This middle eastern folk song features a male voice. This is accompanied by a string instrument called the oud playing the melody in between lines. A variety of middle-eastern percussion instruments are played in the background. A tambourine is played on every count. A darbuka plays a simple beat. This folk song can be played in a movie scene set in a Moroccan market.,"[""['folk song'"", ""'traditional song'"", ""'middle eastern song'"", ""'male voice'"", ""'darbuka'"", ""'oud instrument'"", ""'moderate tempo'"", ""'middle eastern instruments']""]",data/processed/musiccaps/audio/00013_-6HBGg1cAI0.wav,data/processed/musiccaps/mel/00013_-6HBGg1cAI0.npy
00014_-6QGvxvaTkI,-6QGvxvaTkI,280.0,10.0,"The low quality recording features a live performance of a traditional song and it consists of an echoing male vocal singing over acoustic strings melody, plucked strings melody and wooden percussion. There is a crowd chattering noise in the background. The recording is a bit noisy and it sounds passionate.","[""['low quality'"", ""'echoing male vocal'"", ""'acoustic strings melody'"", ""'crowd chattering'"", ""'wooden percussions'"", ""'plucked strings melody'"", ""'live performance'"", ""'traditional'"", ""'noisy'"", ""'passionate']""]",data/processed/musiccaps/audio/00014_-6QGvxvaTkI.wav,data/processed/musiccaps/mel/00014_-6QGvxvaTkI.npy
00015_-6pcgdLfb_A,-6pcgdLfb_A,110.0,10.0,This is an R&B/soul music piece. There is a male vocalist singing melodically and in a sensual manner over multiple tracks. The melody of the beat is provided by a string sample. There is a strong bass sound in the piece. The rhythm is provided by a groovy electronic drum beat. There is an urban feel to this piece. It could be used in the soundtrack of a TV series where two characters are sharing intimate moments.,"[""['r&b'"", ""'soul'"", ""'male vocal'"", ""'melodic singing'"", ""'strings sample'"", ""'strong bass'"", ""'electronic drums'"", ""'sensual'"", ""'groovy'"", ""'urban']""]",data/processed/musiccaps/audio/00015_-6pcgdLfb_A.wav,data/processed/musiccaps/mel/00015_-6pcgdLfb_A.npy
00016_-7B9tPuIP-w,-7B9tPuIP-w,450.0,10.0,"A male voice narrates a monologue to the rhythm of a song in the background. The song is fast tempo with enthusiastic drumming, groovy bass lines,cymbal ride, keyboard accompaniment ,electric guitar and animated vocals. The song plays softly  in the background as the narrator speaks and burgeons when he stops. The song is a classic Rock and Roll and the narration is a Documentary.","[""['male vocalist'"", ""'medium fast tempo'"", ""'monologue'"", ""'background music'"", ""'hit songs'"", ""'retro'"", ""'narrator'"", ""'narration'"", ""'documentary'"", ""'animated singing'"", ""'enthusiastic drumming'"", ""'cymbal ride'"", ""'electric guitar'"", ""'groovy bass lines'"", ""'rock and rock'"", ""'classic rock and rock'"", ""'muffled'"", ""'blues'"", ""'rock hits'"", ""'vocalisation']""]",data/processed/musiccaps/audio/00016_-7B9tPuIP-w.wav,data/processed/musiccaps/mel/00016_-7B9tPuIP-w.npy
00017_-7wUQP6G5EQ,-7wUQP6G5EQ,30.0,10.0,"The low quality recording features a renaissance music that consists of soft wooden percussion and mellow, harmonized flute melody playing on top of it. The recording is a bit noisy, but it also sounds soulful, mellow, passionate, emotional and vintage - It really puts the listener in a period of renaissance.","[""['low quality'"", ""'noisy'"", ""'renaissance music'"", ""'soft wooden percussions'"", ""'mellow harmonized flute melody'"", ""'mellow'"", ""'soulful'"", ""'passionate'"", ""'emotional'"", ""'vintage']""]",data/processed/musiccaps/audio/00017_-7wUQP6G5EQ.wav,data/processed/musiccaps/mel/00017_-7wUQP6G5EQ.npy
00018_-88me9bBzrk,-88me9bBzrk,30.0,10.0,Someone is playing a fast melody on a low bansuri flute along with someone playing tablas and a shrutibox in the background. This song may be playing at a live performance.,"[""['hindi'"", ""'tablas'"", ""'shrutibox'"", ""'bansuri flute'"", ""'medium tempo']""]",data/processed/musiccaps/audio/00018_-88me9bBzrk.wav,data/processed/musiccaps/mel/00018_-88me9bBzrk.npy
00019_-8C-gydUbR8,-8C-gydUbR8,30.0,10.0,"A children’s choir sings this devotional melody. The song is medium tempo with a steady bass line, drumming rhythm and clapping percussion. The song is black gospel choral music played in front of a live congregation. The audio quality is very poor.","[""['gospel music'"", ""'poor sound quality'"", ""'children choir'"", ""'medium tempo'"", ""'black gospel music'"", ""'distorted sound quality'"", ""'meditative'"", ""'devotional'"", ""'inspiring'"", ""'motivational'"", ""'christian contemporary music'"", ""'steady drumming rhythm'"", ""'groovy bass line'"", ""'keyboard harmony'"", ""'retro christian songs']""]",data/processed/musiccaps/audio/00019_-8C-gydUbR8.wav,data/processed/musiccaps/mel/00019_-8C-gydUbR8.npy
00020_-8cgbhIR_pw,-8cgbhIR_pw,30.0,10.0,"The low quality recording features a cover of a ballad song that consists of passionate, muddy male vocal singing over arpeggiated acoustic guitar melody. It sounds noisy, muddy and messy, as the frequencies are clashing, but it is also emotional and raw.","[""['low quality'"", ""'passionate muddy male vocal'"", ""'arpeggiated acoustic guitar melody'"", ""'noisy'"", ""'muddy'"", ""'cover'"", ""'emotional'"", ""'ballad'"", ""'raw'"", ""'messy']""]",data/processed/musiccaps/audio/00020_-8cgbhIR_pw.wav,data/processed/musiccaps/mel/00020_-8cgbhIR_pw.npy
00021_-BHPu-dPmWQ,-BHPu-dPmWQ,30.0,10.0,"The Alternative/Indie song features an intimate, widely spread, mixed vocals singing over noisy snare, punchy kick, wide tinny hi hats, electric guitar melody, synth lead melody and groovy bass guitar. At the end of the loop there is a short snare roll and some claps. It sounds easygoing and melancholic thanks to those vocals.","[""['intimate wide mixed vocals'"", ""'synth lead melody'"", ""'punchy kick'"", ""'noisy snare'"", ""'claps'"", ""'groovy bass guitar'"", ""'tinny wide hi hats'"", ""'short snare roll'"", ""'alternative/indie'"", ""'electric guitar melody'"", ""'easygoing'"", ""'melancholic']""]",data/processed/musiccaps/audio/00021_-BHPu-dPmWQ.wav,data/processed/musiccaps/mel/00021_-BHPu-dPmWQ.npy
00022_-BIMKnb3tlo,-BIMKnb3tlo,410.0,10.0,"This is a Hindustani classical music piece. There is a harmonium playing the main tune. A bansuri joins in to play, supporting a melody every now and then. The rhythmic background consists of the tabla percussion and the electronic drums. The atmosphere of the piece is joyful.","[""['hindustani classical music'"", ""'harmonium'"", ""'bansuri'"", ""'tabla'"", ""'electronic drums'"", ""'upbeat'"", ""'joyful']""]",data/processed/musiccaps/audio/00022_-BIMKnb3tlo.wav,data/processed/musiccaps/mel/00022_-BIMKnb3tlo.npy
00023_-Bu7YaslRW0,-Bu7YaslRW0,30.0,10.0,A synth pad is playing a drone sound in the lower mid range. Cymbals are creating atmosphere while a flute/string/brass sound is playing a melody. The whole recording is full of reverb. This song may be playing in a forest documentary.,"[""['atmospheric'"", ""'cinematic'"", ""'calming'"", ""'flute/string/brass sound'"", ""'cymbals'"", ""'synth pad drone'"", ""'slow tempo']""]",data/processed/musiccaps/audio/00023_-Bu7YaslRW0.wav,data/processed/musiccaps/mel/00023_-Bu7YaslRW0.npy
00024_-ByoSbgzr4M,-ByoSbgzr4M,0.0,10.0,"This clip is an electronic guitar instrumental. The tempo is fast with a vigorous, lively electric guitar lead without any instrumentation. The music is rapid,controlled, intense and vigorous with immense control and dexterity with the instrument.","[""['instrumental'"", ""'electric guitar'"", ""'stringed instrument'"", ""'vibrato'"", ""'sonic power'"", ""'amplified guitar'"", ""'fast tempo'"", ""'rapid'"", ""'vigorous'"", ""'dexterous'"", ""'skilled'"", ""'practice'"", ""'intense'"", ""'rock'"", ""'hard rock'"", ""'home recording']""]",data/processed/musiccaps/audio/00024_-ByoSbgzr4M.wav,data/processed/musiccaps/mel/00024_-ByoSbgzr4M.npy
00025_-CUp_Tmg2Y0,-CUp_Tmg2Y0,30.0,10.0,"The low quality recording features a drum solo that consists of a double pedal kick, punchy snare, shimmering cymbals and boomy toms. It sounds energetic and manic, thanks to that kick pattern. The recording is mono and noisy.","[""['low quality'"", ""'mono'"", ""'noisy'"", ""'drums solo'"", ""'double pedal kick'"", ""'punchy snare'"", ""'shimmering cymbals'"", ""'boomy toms'"", ""'energetic'"", ""'manic']""]",data/processed/musiccaps/audio/00025_-CUp_Tmg2Y0.wav,data/processed/musiccaps/mel/00025_-CUp_Tmg2Y0.npy
00026_-DeAdhYKbGE,-DeAdhYKbGE,290.0,10.0,"A bagpipe ensemble playing a quick melody in unison, employing trills to ornament it.","[""['bagpipe ensemble'"", ""'unison melody'"", ""'drone'"", ""'quick melody'"", ""'trills'"", ""'ornamentation']""]",data/processed/musiccaps/audio/00026_-DeAdhYKbGE.wav,data/processed/musiccaps/mel/00026_-DeAdhYKbGE.npy
00027_-Dtir74TiUM,-Dtir74TiUM,40.0,10.0,This is a drum & bass music piece. There is a constantly repeating hollering sample accompanied by rapid turntable scratching. A synth sound can be heard playing an ominous tune. The rhythmic background consists of a fast-tempo electronic drum beat. The atmosphere is energetic. This piece could be used in the soundtrack of a car racing game. It could also be playing at nightclubs during early-2000s themed parties.,"[""['drum & bass'"", ""'electronic dance music'"", ""'hollering sample'"", ""'scratching'"", ""'synth'"", ""'electronic drums'"", ""'upbeat'"", ""'energetic'"", ""'eerie']""]",data/processed/musiccaps/audio/00027_-Dtir74TiUM.wav,data/processed/musiccaps/mel/00027_-Dtir74TiUM.npy
00028_-EVRXQpt1-8,-EVRXQpt1-8,50.0,10.0,"Someone is playing a guitar-like instrument in a tremolo fashion along with someone playing a melody on a harp along with a bass playing the root note. A male voice is singing, sounding sad and sensitive. A backing voice that seems to be female is singing along, providing harmonies. This song may be playing in a dance performance.","[""['oriental/ballad'"", ""'guitar like instrumental'"", ""'bass'"", ""'male voice singing'"", ""'female backing voice singing'"", ""'sad'"", ""'slow tempo'"", ""'harp']""]",data/processed/musiccaps/audio/00028_-EVRXQpt1-8.wav,data/processed/musiccaps/mel/00028_-EVRXQpt1-8.npy
00029_-FEPOSP7ay0,-FEPOSP7ay0,260.0,10.0,The low quality recording features loud bells and metallic squeaking sounds. The recording is mono and noisy.,"[""['loud bells impacts'"", ""'metallic squeaking sound'"", ""'low quality'"", ""'mono'"", ""'noisy']""]",data/processed/musiccaps/audio/00029_-FEPOSP7ay0.wav,data/processed/musiccaps/mel/00029_-FEPOSP7ay0.npy
00030_-FFx68qSAuY,-FFx68qSAuY,190.0,10.0,This is a punk rock music piece. There are male vocals singing in a grunt-like manner. The melody is being played by an electric guitar while a bass guitar plays in the background. The rhythm consists of a slightly fast-paced rock acoustic drum beat. The piece has an aggressive atmosphere. It could be used in the soundtrack of an action-filled video game.,"[""['punk rock'"", ""'gothic rock'"", ""'male vocals'"", ""'grunt-like singing'"", ""'electric guitar'"", ""'bass guitar'"", ""'acoustic guitar'"", ""'hard-hitting'"", ""'aggressive']""]",data/processed/musiccaps/audio/00030_-FFx68qSAuY.wav,data/processed/musiccaps/mel/00030_-FFx68qSAuY.npy
00031_-FlvaZQOr2I,-FlvaZQOr2I,90.0,10.0,"The song is an instrumental. The song is medium tempo, with a horn and string section and a drum section playing to a crescendo, followed by a low frequency thumping rhythm. The song is an instrumental soundtrack for an animated show. The audio quality is poor.","[""['building suspense'"", ""'cartoon show soundtrack'"", ""'story telling'"", ""'tense harmony'"", ""'drumming rolls'"", ""'poor audio quality'"", ""'instrumental music'"", ""'medium tempo'"", ""'suspense'"", ""'mystery'"", ""'string section harmony'"", ""'animated show'"", ""'horns playing to a crescendo'"", ""'low bass thumps']""]",data/processed/musiccaps/audio/00031_-FlvaZQOr2I.wav,data/processed/musiccaps/mel/00031_-FlvaZQOr2I.npy
00032_-Gf4Ihv1zwc,-Gf4Ihv1zwc,50.0,10.0,This is a Christmas music piece with heavy influences from Celtic music. There is a female vocalist singing melodically as the lead. The melodic background is provided by the strings and the piano and at the same time Celtic instruments that resemble a harp and a dulcimer. There is a calming and positive aura to this piece. It could be playing in the background at a Christmas party. It could also be used in Christmas-themed shows or social media content.,"[""['christmas'"", ""'festive'"", ""'celtic'"", ""'female vocal'"", ""'melodic singing'"", ""'strings'"", ""'piano'"", ""'harp'"", ""'dulcimer'"", ""'calming'"", ""'positive']""]",data/processed/musiccaps/audio/00032_-Gf4Ihv1zwc.wav,data/processed/musiccaps/mel/00032_-Gf4Ihv1zwc.npy
00033_-IZbvEO9wzU,-IZbvEO9wzU,30.0,10.0,This is a heavily edited version of a birthday song. The track has been transposed to make the original vocal sound like a little girl which resulted in a chipmunk vocal effect. The piano playing the melody and the electronic drum beat is at an irritatingly higher pitch than normal. This creates a bizarre atmosphere. It could be used in nightmare sequences in video games or TV shows.,"[""['jingle'"", ""'chipmunk vocal'"", ""'transposed instruments'"", ""'piano'"", ""'electronic drums'"", ""'high pitch'"", ""'irritating'"", ""'poor quality'"", ""'bizarre']""]",data/processed/musiccaps/audio/00033_-IZbvEO9wzU.wav,data/processed/musiccaps/mel/00033_-IZbvEO9wzU.npy
00034_-JVWfFPBl84,-JVWfFPBl84,330.0,10.0,"This audio clip features the sound produced at a particular frequency by a Tibetan singing bowl. This produces a continuous ringing sound. Toward the end of the clip, some other animal sounds can be heard. There are no other instruments in this song. This song can be played at a meditation center.","[""['low quality audio'"", ""'tibetan singing bowl'"", ""'animal sounds'"", ""'no other instruments'"", ""'no voices'"", ""'instrumental'"", ""'meditation music']""]",data/processed/musiccaps/audio/00034_-JVWfFPBl84.wav,data/processed/musiccaps/mel/00034_-JVWfFPBl84.npy
00035_-JvB5AL59fM,-JvB5AL59fM,30.0,10.0,An acoustic drum is playing a simple rock groove with some drum fills on the toms and snare along with a distorted e-bass and e-guitar playing the same line. Panned to the right side of the speaker you can hear a piano sound playing a little melody. A female voice is singing a happy sounding melody while male backing voices are supporting her. This song may be playing sitting in your room enjoying being at home alone.,"[""['rock'"", ""'e-guitars'"", ""'e-bass'"", ""'acoustic drums'"", ""'keys'"", ""'female voice singing'"", ""'male backing voice'"", ""'uptempo']""]",data/processed/musiccaps/audio/00035_-JvB5AL59fM.wav,data/processed/musiccaps/mel/00035_-JvB5AL59fM.npy
00036_-M-6VinyMiY,-M-6VinyMiY,30.0,10.0,"The low quality recording features a rock song that consists of flat male vocal singing over sustained and arpeggiated electric guitar melodies, followed by snappy rimshots, soft kick, shimmering hi hats and groovy bass guitar. It sounds emotional and easygoing.","[""['low quality'"", ""'rock'"", ""'flat male vocal'"", ""'groovy bass guitar'"", ""'sustained electric guitar melody'"", ""'arpeggiated electric guitar melody'"", ""'snappy rimshot'"", ""'soft kick'"", ""'shimmering hi hats'"", ""'easygoing'"", ""'emotional']""]",data/processed/musiccaps/audio/00036_-M-6VinyMiY.wav,data/processed/musiccaps/mel/00036_-M-6VinyMiY.npy
00037_-M6K3QoHh40,-M6K3QoHh40,30.0,10.0,"The low quality recording features a R&B song playing on a speaker, judging by the reverberant and boomy sound of it. The song consists of passionate male vocal singing over shimmering hi hats, claps, groovy bass and ""4 on the floor"" kick pattern, It sounds passionate, like something you would dance to with your partner.","[""['low quality'"", ""'r&b'"", ""'boomy'"", ""'passionate male vocal'"", ""'claps'"", ""'shimmering hi hats'"", ""'groovy bass'"", ""'noisy'"", ""'passionate'"", ""'speaker'"", ""'reverberant'"", ""'4 on the floor kick']""]",data/processed/musiccaps/audio/00037_-M6K3QoHh40.wav,data/processed/musiccaps/mel/00037_-M6K3QoHh40.npy
00038_-NmjCyqIavI,-NmjCyqIavI,30.0,10.0,This is an amateur recording of a female voice beatboxing. It is a funny recording. It could be playing in the background of comedic social media content.,"[""['amateur recording'"", ""'beatboxing'"", ""'female voice'"", ""'funny'"", ""'comedic']""]",data/processed/musiccaps/audio/00038_-NmjCyqIavI.wav,data/processed/musiccaps/mel/00038_-NmjCyqIavI.npy
00039_-O9mnfC61Ac,-O9mnfC61Ac,0.0,10.0,"This is a country music piece. There is a fiddle playing the main melody. The acoustic guitar and the electric guitar are playing gently in the background. The song has a slow tempo. The atmosphere is sentimental. This piece can be used in the soundtrack of an American drama movie, especially during the scenes where the feeling of longing is emphasized.","[""['country music'"", ""'fiddle'"", ""'acoustic guitar'"", ""'electric guitar'"", ""'gentle playing'"", ""'slow tempo'"", ""'easygoing'"", ""'sentimental'"", ""'longing']""]",data/processed/musiccaps/audio/00039_-O9mnfC61Ac.wav,data/processed/musiccaps/mel/00039_-O9mnfC61Ac.npy
00040_-OAyRsvFGgc,-OAyRsvFGgc,30.0,10.0,"The low quality recording features a cover of a rock song that consists of an electric guitar solo melody played over playback instrumental. The instrumental features a punchy kick and snare hits, soft cymbals and smooth bass. It sounds passionate, even though the recording is muffled and noisy, as it was probably recorded with a phone.","[""['low quality'"", ""'noisy'"", ""'cover'"", ""'rock'"", ""'electric guitar solo melody'"", ""'playback instrumental'"", ""'punchy snare'"", ""'punchy kick'"", ""'smooth bass'"", ""'soft cymbals'"", ""'passionate'"", ""'muffled']""]",data/processed/musiccaps/audio/00040_-OAyRsvFGgc.wav,data/processed/musiccaps/mel/00040_-OAyRsvFGgc.npy
00041_-OUIEnuNd1I,-OUIEnuNd1I,30.0,10.0,This is a classical music piece belonging to the baroque period. The piece is being performed with a harp. There is a catchy tune being played with a positive aura. This piece could suit well as wedding music. It could be used in the soundtrack of a documentary. It could also be playing in the background of a classy restaurant or a museum.,"[""['classical'"", ""'baroque'"", ""'canon'"", ""'single instrument'"", ""'instrumental'"", ""'harp'"", ""'catchy'"", ""'iconic'"", ""'calming'"", ""'hopeful'"", ""'positive'"", ""'wedding music']""]",data/processed/musiccaps/audio/00041_-OUIEnuNd1I.wav,data/processed/musiccaps/mel/00041_-OUIEnuNd1I.npy
00042_-Q9MTRXS4bE,-Q9MTRXS4bE,30.0,10.0,"This music is a spirited instrumental. The tempo is fast with an animated Piano harmony, synthesiser  arrangements, synthesised violins, rhythmic digital drums, funky bass lines and electronic sounds. The music is superimposed over sounds of tapping and rhythmic beeping. The music is happy, perky, upbeat, enthusiastic, lively and spirited.","[""['instrumental'"", ""'fast tempo'"", ""'happy'"", ""'perky'"", ""'punchy'"", ""'background sounds super imposed by music'"", ""'digital pads'"", ""'lively'"", ""'synthesised violins'"", ""'upbeat'"", ""'synthesiser arrangements'"", ""'lively piano harmony'"", ""'punchy digital drum rhythm'"", ""'sound of beeping'"", ""'funky bass line'"", ""'tapping']""]",data/processed/musiccaps/audio/00042_-Q9MTRXS4bE.wav,data/processed/musiccaps/mel/00042_-Q9MTRXS4bE.npy
00043_-QuWdnmn-kM,-QuWdnmn-kM,30.0,10.0,This is a lullaby that features a main melody made with a xylophone that has a bright sound. A sustained piano synth creates a dreamy and sleepy ambience sound. A subtle cello plays single chords that bounce from one beat to the next. This is a song a baby could fall asleep to.,"[""['sustained piano synth'"", ""'lullaby'"", ""'bright xylophone'"", ""'mellow mellody'"", ""'bass guitar'"", ""'dreamy'"", ""'kids music'"", ""'slow tempo'"", ""'nostalgic'"", ""'cello'"", ""'no vocals'"", ""'sleepy']""]",data/processed/musiccaps/audio/00043_-QuWdnmn-kM.wav,data/processed/musiccaps/mel/00043_-QuWdnmn-kM.npy
00044_-R0267o4lLk,-R0267o4lLk,60.0,10.0,You can hear two people playing various percussive instruments. One is holding the same beat playing on congas while the other is playing a solo changing rhythms and percussive sounds in a complex manner. This song may be playing live demonstrating a solo run.,"[""['latin percussion'"", ""'complex rhythms'"", ""'medium to uptempo']""]",data/processed/musiccaps/audio/00044_-R0267o4lLk.wav,data/processed/musiccaps/mel/00044_-R0267o4lLk.npy
00045_-RYtUAsNhF0,-RYtUAsNhF0,30.0,10.0,"This is a poor quality instrumental piece played in the background of a sign language video. There is an optimistic sounding tune being played by the strings, the piano and the acoustic guitar. The atmosphere is mellow and gentle. Samples from this piece could be lifted to be used in beat-making.","[""['poor quality'"", ""'no singer'"", ""'instrumental'"", ""'piano'"", ""'strings'"", ""'acoustic guitar'"", ""'gentle'"", ""'mellow'"", ""'optimistic']""]",data/processed/musiccaps/audio/00045_-RYtUAsNhF0.wav,data/processed/musiccaps/mel/00045_-RYtUAsNhF0.npy
00046_-SD43H5B5hE,-SD43H5B5hE,520.0,10.0,There is a low sound that reminds of a heartbeat rising in tempo before a splash-like metallic sound with reverb comes in and breaks the atmosphere in half. This audio may be used for a movie scene. This audio is in poor quality.,"[""['soundeffects'"", ""'cinematic'"", ""'amateur recording']""]",data/processed/musiccaps/audio/00046_-SD43H5B5hE.wav,data/processed/musiccaps/mel/00046_-SD43H5B5hE.npy
00047_-SWaCArvQug,-SWaCArvQug,21.0,10.0,Ambient sound still in the room with a mild background music playing.  A male singer sings a passionate melody with subtle background music. The audio quality is very poor with drawer sliding sound and general noise.,"[""['ambient room noise'"", ""'instrumental'"", ""'male singer'"", ""'beep tones'"", ""'wind noise'"", ""'doorsteps'"", ""'noise'"", ""'non musical tones'"", ""'home improvement video'"", ""'unimpressive sounds'"", ""'drawer closing'"", ""'home video'"", ""'passionate singing'"", ""'medium tempo']""]",data/processed/musiccaps/audio/00047_-SWaCArvQug.wav,data/processed/musiccaps/mel/00047_-SWaCArvQug.npy
00048_-T4GeTHKtJQ,-T4GeTHKtJQ,30.0,10.0,"The low quality recording features a compilation of rock songs and it consists of punchy kicks, wide electric guitar melodies, distorted bass guitar, energetic crash cymbals, shimmering hi hats and harmonizing male vocals singing over it. It sounds energetic.","[""['low quality'"", ""'rock'"", ""'punchy kick'"", ""'wide electric guitar melodies'"", ""'distorted bass guitar'"", ""'energetic crash cymbal'"", ""'shimmering hi hats'"", ""'harmonizing male vocals'"", ""'energetic'"", ""'compilation']""]",data/processed/musiccaps/audio/00048_-T4GeTHKtJQ.wav,data/processed/musiccaps/mel/00048_-T4GeTHKtJQ.npy
00049_-U16iKiXGuY,-U16iKiXGuY,30.0,10.0,"The low quality recording features a live performance of a R&B song that consists of a mellow piano melody and an emotional female vocal singing over it. There are some noises in the recording, alongside lip smack noise.","[""['low quality'"", ""'mellow piano melody'"", ""'noisy'"", ""'lip smack noise'"", ""'r&b'"", ""'emotional female vocal'"", ""'live performance']""]",data/processed/musiccaps/audio/00049_-U16iKiXGuY.wav,data/processed/musiccaps/mel/00049_-U16iKiXGuY.npy
00050_-Umconw-CRE,-Umconw-CRE,30.0,10.0,"The low quality recording features a cover of a rock song with a rock instrumental playback playing in the background and electric guitar solo melody playing on top of it. It sounds muffled and noisy, as it was probably recorded with a low quality microphone, but it is still passionate and emotional.","[""['low quality'"", ""'noisy'"", ""'muffled'"", ""'electric guitar solo melody'"", ""'cover'"", ""'rock instrumental playback'"", ""'passionate'"", ""'emotional']""]",data/processed/musiccaps/audio/00050_-Umconw-CRE.wav,data/processed/musiccaps/mel/00050_-Umconw-CRE.npy
00051_-UuEBhule84,-UuEBhule84,350.0,10.0,"The low quality recording features a flat male vocal singing over acoustic rhythm guitar chords, after which that same vocal is talking. The song sounds passionate, while the recording, overall, is noisy and in mono.","[""['low quality'"", ""'noisy'"", ""'mono'"", ""'acoustic rhythm guitar'"", ""'flat male vocal'"", ""'passionate'"", ""'country']""]",data/processed/musiccaps/audio/00051_-UuEBhule84.wav,data/processed/musiccaps/mel/00051_-UuEBhule84.npy
00052_-VI2IRq17rs,-VI2IRq17rs,360.0,10.0,"In this clip, a large bell is rung and left to ring. We can hear the resonance in the room as the bell rings. There is then the faint sound of a male speaking in the background. It's a live recording.","[""['bell'"", ""'faint speaking'"", ""'male voice'"", ""'resonance'"", ""'live recording']""]",data/processed/musiccaps/audio/00052_-VI2IRq17rs.wav,data/processed/musiccaps/mel/00052_-VI2IRq17rs.npy
00053_-VclCul6FrI,-VclCul6FrI,80.0,10.0,"The low quality recording features a jazzy organ keys melody. The recording is in mono, noisy, muffled and slightly distorted.","[""['low quality'"", ""'noisy'"", ""'mono'"", ""'organ keys melody'"", ""'muffled'"", ""'distorted'"", ""'jazzy']""]",data/processed/musiccaps/audio/00053_-VclCul6FrI.wav,data/processed/musiccaps/mel/00053_-VclCul6FrI.npy
00054_-Vo4CAMX26U,-Vo4CAMX26U,30.0,10.0,"The low quality recording features a low windpipe vocal sound played in nature, surrounded by flowing water and chirping birds sound effects. Sounds a bit harsh and loud, as the tone of the windpipe is constantly changing.","[""['low quality'"", ""'low windpipe vocal sounds'"", ""'nature atmosphere sound effect'"", ""'birds chirping'"", ""'water flowing sound effect'"", ""'harsh'"", ""'loud']""]",data/processed/musiccaps/audio/00054_-Vo4CAMX26U.wav,data/processed/musiccaps/mel/00054_-Vo4CAMX26U.npy
00055_-W5c6CeUMPE,-W5c6CeUMPE,40.0,10.0,This is a Swiss folk music piece. There is a male vocal and there is a female vocal. They are yodeling as a duet. The melody in the background is being played by a melodeon. There is a pastoral feel to it. This piece could be used in the soundtrack of a movie that takes place in the Alps region.,"[""['swiss folk music'"", ""'yodeling'"", ""'male vocal'"", ""'female vocal'"", ""'duet'"", ""'melodeon'"", ""'pastoral']""]",data/processed/musiccaps/audio/00055_-W5c6CeUMPE.wav,data/processed/musiccaps/mel/00055_-W5c6CeUMPE.npy
00056_-WvVG0wHcTc,-WvVG0wHcTc,310.0,10.0,"The low quality recording features a classical live performance of sustained violin melody, shimmering hi hats, electric guitar melody, theremin solo melody and subtle female vocals at the end of the loop. There are some crowd clapping sounds in the background. It is noisy, in mono and it sounds passionate and emotional.","[""['classical'"", ""'sustained violin melody'"", ""'crowd clapping'"", ""'shimmering hi hats'"", ""'theremin solo'"", ""'subtle female vocal'"", ""'live performance'"", ""'electric guitar melody'"", ""'low quality'"", ""'noisy'"", ""'mono'"", ""'passionate'"", ""'emotional']""]",data/processed/musiccaps/audio/00056_-WvVG0wHcTc.wav,data/processed/musiccaps/mel/00056_-WvVG0wHcTc.npy
00057_-XN0NtrnfMY,-XN0NtrnfMY,30.0,10.0,"The low quality recording features a rock song instrumental that consists of shimmering hi hats, punchy snare, groovy bass guitar, acoustic rhythm guitar in the left channel and electric guitar chord progression in the right channel of the stereo image. It sounds energetic and addictive.","[""['low quality'"", ""'rock'"", ""'instrumental'"", ""'shimmering hi hats'"", ""'punchy snare'"", ""'groovy bass'"", ""'acoustic rhythm guitar'"", ""'electric guitar chord progression'"", ""'energetic'"", ""'addictive']""]",data/processed/musiccaps/audio/00057_-XN0NtrnfMY.wav,data/processed/musiccaps/mel/00057_-XN0NtrnfMY.npy
00058_-XkbErI_7EU,-XkbErI_7EU,50.0,10.0,This slow jazz song features male voices singing the main melody in harmony. This is accompanied by percussion playing a simple beat. The double bass plays the root notes of the chords. Trumpets play a fill in harmony in between lines. A piano plays an arpeggiated chord at the end of the first line. This song has a romantic mood. This song can be played in a classic romantic movie.,"[""['slow jazz song'"", ""'barbershop quartet'"", ""'trumpets'"", ""'double bass'"", ""'vocal harmony'"", ""'male voices'"", ""'piano'"", ""'slow tempo'"", ""'romantic song']""]",data/processed/musiccaps/audio/00058_-XkbErI_7EU.wav,data/processed/musiccaps/mel/00058_-XkbErI_7EU.npy
00059_-YATTKBtmRA,-YATTKBtmRA,190.0,10.0,This is a hip-hop music piece. There is a crisp synth sound playing the melody. The piece has a strong bass sound. There is a melodic pad with beat repeat effect that uses a piano sample. The rhythmic background is provided by a loud electronic drum beat. The piece is energetic and modern sounding. It could be used in the soundtrack of a sci-fi movie where there is a lot of action going on.,"[""['hip-hop'"", ""'electronic'"", ""'crisp synth'"", ""'melodic pad'"", ""'piano sample'"", ""'strong bass'"", ""'loud electronic drums'"", ""'modern sounding'"", ""'aggressive'"", ""'energetic']""]",data/processed/musiccaps/audio/00059_-YATTKBtmRA.wav,data/processed/musiccaps/mel/00059_-YATTKBtmRA.npy
00060_-YIT4HBM__g,-YIT4HBM__g,30.0,10.0,"A female vocalist sings this mellifluous song.The tempo is slow with the vocalist singing a soprano, with alto choral harmony. There are sounds of rustling, whirring,scuttling and people talking in the background. The vocals are beautiful, mellifluous,and ethereal.","[""['female singer'"", ""'high notes'"", ""'choral harmony'"", ""'ethereal'"", ""'vocal vibrations'"", ""'soprano'"", ""'alto'"", ""'whirring sound'"", ""'seconds'"", ""'melodic'"", ""'angelic'"", ""'celestial'"", ""'no instruments'"", ""'sound of chatter'"", ""'rustling'"", ""'scuffling'"", ""'harmonious'"", ""'amateur recording'"", ""'mediocre sound recording'"", ""'inferior audio quality'"", ""'quality of']""]",data/processed/musiccaps/audio/00060_-YIT4HBM__g.wav,data/processed/musiccaps/mel/00060_-YIT4HBM__g.npy
00061_-ZHpNr_KRXU,-ZHpNr_KRXU,30.0,10.0,Someone is playing a percussive instrument that reminds a little bit of a tabla while someone else is playing a fast melody on an accordion. A male voice is singing at a higher pitch. This song may be playing live.,"[""['folkmusic'"", ""'amateur recording'"", ""'accordion'"", ""'percussion'"", ""'male voice singing'"", ""'higher register'"", ""'medium to uptempo']""]",data/processed/musiccaps/audio/00061_-ZHpNr_KRXU.wav,data/processed/musiccaps/mel/00061_-ZHpNr_KRXU.npy
00062_-_6RxZyi30Q,-_6RxZyi30Q,70.0,10.0,This is an amateur recording of a dance performance over a latin dance music piece in the style of zumba. There is a female dance instructor shouting directions to the dancers. There is a male vocalist singing melodically in the background piece. A strong bass and a loud electronic drum beat can be heard very distinctly. The atmosphere is energetic. The quality of the recording is quite poor.,"[""['latin dance music'"", ""'zumba'"", ""'amateur recording'"", ""'poor quality'"", ""'female voice'"", ""'shouting'"", ""'male vocal'"", ""'melodic singing'"", ""'strong bass'"", ""'loud electronic drums'"", ""'energetic']""]",data/processed/musiccaps/audio/00062_-_6RxZyi30Q.wav,data/processed/musiccaps/mel/00062_-_6RxZyi30Q.npy
00063_-_OzT7Xyvok,-_OzT7Xyvok,30.0,10.0,Amateur recording of two nylon string guitars playing in flamenco style. The playing is technically challenging yet sloppy.,"[""['amateur recording'"", ""'two acoustic guitars'"", ""'flamenco'"", ""'nylon string guitar'"", ""'technically challenging'"", ""'sloppy']""]",data/processed/musiccaps/audio/00063_-_OzT7Xyvok.wav,data/processed/musiccaps/mel/00063_-_OzT7Xyvok.npy
00064_-bgHkxwoliw,-bgHkxwoliw,30.0,10.0,Digital drums are playing a four on the floor rhythm with a kick on every beat along with a bassline and a keyboard sound playing short rhythmic chords and a e-guitar playing a simple melody along. A male voice is singing in a higher key. This song may be playing at a folkfest.,"[""['pop'"", ""'digital drums'"", ""'e-guitar'"", ""'keyboard melodies'"", ""'male voice singing'"", ""'higher register'"", ""'bass'"", ""'uptempo'"", ""'positive atmosphere']""]",data/processed/musiccaps/audio/00064_-bgHkxwoliw.wav,data/processed/musiccaps/mel/00064_-bgHkxwoliw.npy
00065_-cLzki-B06o,-cLzki-B06o,30.0,10.0,This is a Kurdish folk music piece. The main melody is first played by the baglama and then by the zurna. The rhythmic background consists of an electronic drum beat and supportive percussive elements. The atmosphere is lively. This piece could be used as an accompaniment piece for a folk dance course such as the halay dance.,"[""['arabesque'"", ""'kurdish folk music'"", ""'baglama'"", ""'zurna'"", ""'electronic drums'"", ""'percussion'"", ""'upbeat'"", ""'lively'"", ""'folk dance'"", ""'halay']""]",data/processed/musiccaps/audio/00065_-cLzki-B06o.wav,data/processed/musiccaps/mel/00065_-cLzki-B06o.npy
00066_-cQ-jUTEgck,-cQ-jUTEgck,30.0,10.0,This is a live performance of a southern rock piece. There is an electric guitar playing a blues solo. There is a bass guitar playing in the background. The rhythm is being played by the acoustic drums. The atmosphere is groovy. This piece could be playing in the background at a rock bar.,"[""['southern rock'"", ""'blues rock'"", ""'live performance'"", ""'electric guitar'"", ""'guitar solo'"", ""'keyboard'"", ""'bass guitar'"", ""'acoustic drums'"", ""'groovy']""]",data/processed/musiccaps/audio/00066_-cQ-jUTEgck.wav,data/processed/musiccaps/mel/00066_-cQ-jUTEgck.npy
00067_-dVgUSrR8g4,-dVgUSrR8g4,30.0,10.0,"This song is a vigorous metal instrumental. The tempo is fast with intense drumming,  fiery electric guitar riff, amplified guitar rhythms and energetic keyboard accompaniment. The music is energetic, aggressive, youthful, spirited, goth, intense,psychedelic and trance like. This instrumental is Hard Rock/Metal.","[""['intense'"", ""'vigorous'"", ""'loud electric guitar feedback'"", ""'intense'"", ""'psychedelic'"", ""'trap'"", ""'trance'"", ""'hard rock'"", ""'enthusiastic'"", ""'energetic'"", ""'spirited'"", ""'hyper'"", ""'fast tempo'"", ""'goth rock'"", ""'heavy metal'"", ""'amplified guitar'"", ""'intense drumming'"", ""'chattering sounds'"", ""'scratching'"", ""'screeching'"", ""'vigorous keyboard']""]",data/processed/musiccaps/audio/00067_-dVgUSrR8g4.wav,data/processed/musiccaps/mel/00067_-dVgUSrR8g4.npy
00068_-e4wXAy1iVo,-e4wXAy1iVo,0.0,10.0,Two female voices are singing in harmony to a ukulele strumming chords. One of the voices is deeper and the other one higher. This song may be jamming together at home.,"[""['pop'"", ""'ukulele'"", ""'female voices singing'"", ""'harmony'"", ""'amateur recording'"", ""'medium to uptempo']""]",data/processed/musiccaps/audio/00068_-e4wXAy1iVo.wav,data/processed/musiccaps/mel/00068_-e4wXAy1iVo.npy
00069_-eDAoheZrY8,-eDAoheZrY8,30.0,10.0,"The song is an instrumental. The song is slow tempo with building crescendo , string section harmony, horn section, drums playing steadily and piano accompaniment. The song is suspenseful and builds anticipation. The song is a movie soundtrack and has an average audio quality.","[""['movie soundtrack'"", ""'philharmonic orchestra'"", ""'crescendo'"", ""'booming lower harmony'"", ""'average audio quality'"", ""'tense'"", ""'sci-fi music'"", ""'string section harmony'"", ""'suspenseful music'"", ""'horn section'"", ""'drums playing slowly'"", ""'instrumental music'"", ""'mysterious'"", ""'science fiction'"", ""'exploring dangerous territory'"", ""'tuba'"", ""'building tension']""]",data/processed/musiccaps/audio/00069_-eDAoheZrY8.wav,data/processed/musiccaps/mel/00069_-eDAoheZrY8.npy
00070_-f1DNyngKVY,-f1DNyngKVY,30.0,10.0,This is an instrumental sitar music piece. The sitar is being played at a medium-to-high range. There is a calming and relaxing atmosphere to this piece. This piece can be used in the background of a meditation video. It could also be played during a meditation session at a course.,"[""['sitar'"", ""'no singer'"", ""'instrumental'"", ""'single instrument'"", ""'medium-to-high range'"", ""'transcendental'"", ""'relaxing'"", ""'calming'"", ""'meditation']""]",data/processed/musiccaps/audio/00070_-f1DNyngKVY.wav,data/processed/musiccaps/mel/00070_-f1DNyngKVY.npy
00071_-f6s6kQEHFY,-f6s6kQEHFY,0.0,10.0,This slow ballad features a female voice singing the main melody. This is accompanied by a repetitive piano melody. The bass plays the root notes of the chords in staccato style in eighth note patterns. Synth horns play in the background at different pitches. The song has an ambient and ethereal feel. The mood of the song is haunting. This song can be played in a sad scene in a movie.,"[""['slow pop'"", ""'ethereal song'"", ""'ambient sounds'"", ""'no lyrics'"", ""'female voice'"", ""'autotune voice'"", ""'piano song'"", ""'synth sounds'"", ""'slow tempo'"", ""'bass'"", ""'no percussion'"", ""'haunting melody']""]",data/processed/musiccaps/audio/00071_-f6s6kQEHFY.wav,data/processed/musiccaps/mel/00071_-f6s6kQEHFY.npy
00072_-fxh7jAJR8U,-fxh7jAJR8U,70.0,10.0,"Male singers sing this vocal harmony. The tempo is medium with a steady drumming rhythm, various percussion tones, keyboard accompaniment, steady bass line and tambourine percussion. The song is soothing and romantic. The song is a retro pop hit.","[""['boy band'"", ""'male singers'"", ""'vocal harmony'"", ""'retro pop hits'"", ""'singing parts'"", ""'medium tempo'"", ""'keyboard accompaniment'"", ""'steady drumming rhythm'"", ""'steady bass line'"", ""'tambourine percussions'"", ""'love song'"", ""'romantic'"", ""'passionate'"", ""'groovy music'"", ""'inspiring'"", ""'spirited'"", ""'soothing'"", ""'relaxing'"", ""'comforting'"", ""'bells percussions']""]",data/processed/musiccaps/audio/00072_-fxh7jAJR8U.wav,data/processed/musiccaps/mel/00072_-fxh7jAJR8U.npy
00073_-hSMzrWZCAE,-hSMzrWZCAE,30.0,10.0,The pop rock music features a male voice singing. An electric guitar with a distortion effect on plays plays two chords every two measures. The drums play a strong rhythm and together with a synth bass drive the pulse of the music.,"[""['male voice'"", ""'electric guitar'"", ""'distortion effect'"", ""'drums'"", ""'synth bass'"", ""'pop rock genre']""]",data/processed/musiccaps/audio/00073_-hSMzrWZCAE.wav,data/processed/musiccaps/mel/00073_-hSMzrWZCAE.npy
00074_-hYRFCQdbLg,-hYRFCQdbLg,30.0,10.0,"The Low quality recording features an upbeat instrumental playing in the background on some kind of speaker, while a loud marimba melody is played over it. It kind of sounds off beat, also the sound is mostly located in the left channel of the stereo image, which makes the recording imbalanced and low in quality.","[""['upbeat instrumental'"", ""'loud marimba melody'"", ""'noisy'"", ""'low quality']""]",data/processed/musiccaps/audio/00074_-hYRFCQdbLg.wav,data/processed/musiccaps/mel/00074_-hYRFCQdbLg.npy
00075_-i9gpG3vPwA,-i9gpG3vPwA,30.0,10.0,"This audio clip is an electronic instrumental of two different tracks with medium fast tempo. The first tempo has an amplified piano playing an emphatic harmony along with digital drums. The second track has emphatic digital drums and electronic /synthesised music arrangement. Both the tracks are melodious, pleasant, harmonic, futuristic, captivating and engaging with a dance groove.","[""['instrumental'"", ""'two tracks'"", ""'electronic music'"", ""'harmonic'"", ""'futuristic'"", ""'engaging'"", ""'captivating'"", ""'dance groove'"", ""'electro pop'"", ""'unrelated tracks'"", ""'synthesiser articulation'"", ""'funky drumming'"", ""'enthusiastic digital drum rhythm'"", ""'keyboard harmony'"", ""'dance pop'"", ""'edm'"", ""'pleasant'"", ""'ambient'"", ""'amplified paino'"", ""'surround sound']""]",data/processed/musiccaps/audio/00075_-i9gpG3vPwA.wav,data/processed/musiccaps/mel/00075_-i9gpG3vPwA.npy
00076_-i9uQMysy_A,-i9uQMysy_A,80.0,10.0,"This audio clip is of a male vocalist beat boxing. The tempo is fast with the vocalist mimicking vigorous drumming, drum machine rhythms, turn table and other percussions.the rhythm is vigorous, energetic and tireless.","[""['beat boxing'"", ""'vocal percussion'"", ""'mimicking drum machines'"", ""'vocal percussion simulation'"", ""'vocal sound effects'"", ""'rap'"", ""'hip hop'"", ""'vocalisation'"", ""'rapid'"", ""'vigorous drumming sound'"", ""'digital drum sounds'"", ""'vocal turn table'"", ""'vigorous'"", ""'tireless'"", ""'energetic'"", ""'vocal drum machine']""]",data/processed/musiccaps/audio/00076_-i9uQMysy_A.wav,data/processed/musiccaps/mel/00076_-i9uQMysy_A.npy
00077_-jpbCWcz2pk,-jpbCWcz2pk,30.0,10.0,This is a comedic hip-hop music piece. There is a male vocal rapping in the lead. The melody in the beat is being played by the piano and the electric guitar while a bass guitar plays in the background. The rhythm is provided by an electronic drum beat. The piece has an amusing aura to it. It could be used in the background of funny social media content.,"[""['comedy'"", ""'hip-hop'"", ""'male vocal'"", ""'rapping'"", ""'piano'"", ""'electric guitar'"", ""'bass guitar'"", ""'electronic drums'"", ""'funny'"", ""'amusing'"", ""'hip']""]",data/processed/musiccaps/audio/00077_-jpbCWcz2pk.wav,data/processed/musiccaps/mel/00077_-jpbCWcz2pk.npy
00079_-lPXTBXa0tE,-lPXTBXa0tE,30.0,10.0,The song is an instrumental. The song is medium tempo played by a solo guitarist on a vintage super tone with an exquisite tone. The song is emotional and passionate. The song has poor audio quality.,"[""['bad audio quality'"", ""'vintage guitar tone'"", ""'passionate'"", ""'spirited'"", ""'guitar demo'"", ""'soloist'"", ""'antique guitar'"", ""'youtube music class'"", ""'master class'"", ""'buzzing noise'"", ""'instrumental music'"", ""'ambient room noise'"", ""'bad audio quality'"", ""'super tone unique tone'"", ""'melancholic'"", ""'country music'"", ""'medium tempo'"", ""'rich country traditions']""]",data/processed/musiccaps/audio/00079_-lPXTBXa0tE.wav,data/processed/musiccaps/mel/00079_-lPXTBXa0tE.npy
00080_-m5ZlWziIeA,-m5ZlWziIeA,200.0,10.0,This amateur recording features a vinyl scratch being played on a DJ console. This is accompanied by programmed percussion playing a simple beat at a fast tempo. The hi-hat is struck in eighth notes. The snare and kick are played in a unique pattern. A synth plays a two-note lick at different intervals. Other instruments are not audible as the audio quality is low.,"[""['amateur recording'"", ""'vinyl scratching'"", ""'programmed percussion'"", ""'bass'"", ""'synth sounds'"", ""'moderate tempo'"", ""'male voice'"", ""'dj song']""]",data/processed/musiccaps/audio/00080_-m5ZlWziIeA.wav,data/processed/musiccaps/mel/00080_-m5ZlWziIeA.npy
00081_-m9pH0WXQto,-m9pH0WXQto,110.0,10.0,"The Electro Pop song features a flat female vocal, occasionally supported by wide background female doubling vocals, singing over quiet drums, groovy and boomy bass, arpeggiated synth melody and some sound effects of the airplane and the explosion. In the second part, the drums cut through the mix more, therefore they are more audible, while the new elements appear, including shimmering bells and simple hi hats. Sounds like a low quality recording, especially because of that first part of the loop.","[""['electro pop'"", ""'low quality'"", ""'flat female vocal'"", ""'wide background female doubling vocals'"", ""'airplane sound effect'"", ""'explosion sound effect'"", ""'arpeggiated synth melody'"", ""'shimmering tinny bells melody'"", ""'energetic muffled crash cymbals'"", ""'quiet drums'"", ""'boomy groovy bass'"", ""'simple hi hats'"", ""'4 on the floor kick'"", ""'claps']""]",data/processed/musiccaps/audio/00081_-m9pH0WXQto.wav,data/processed/musiccaps/mel/00081_-m9pH0WXQto.npy
00082_-mA_bqD1tgU,-mA_bqD1tgU,30.0,10.0,"The low quality recording features a folk song that consists of a wooden percussion, groovy bass, breathy flute melody, groovy piano melody, shimmering shakers and sustained strings melody. It sounds passionate, joyful and happy.","[""['low quality'"", ""'folk'"", ""'wooden percussions'"", ""'groovy bass'"", ""'breathy flute melody'"", ""'groovy piano melody'"", ""'sustained strings melody'"", ""'shimmering shakers'"", ""'passionate'"", ""'happy'"", ""'joyful']""]",data/processed/musiccaps/audio/00082_-mA_bqD1tgU.wav,data/processed/musiccaps/mel/00082_-mA_bqD1tgU.npy
00083_-mB_XLq6g1g,-mB_XLq6g1g,30.0,10.0,This audio contains an acoustic drum playing a groove along with a simple bassline. Trumpets are playing a melody that sounds out of tune and all over the place while a kids voice is streaming and you can hear some aggressive clicking sounds. This song may be playing for a parody video.,"[""['amateur recording'"", ""'kids voice streaming'"", ""'trumpets'"", ""'acoustic drums'"", ""'e-bass'"", ""'out of tune'"", ""'parody'"", ""'medium to uptempo']""]",data/processed/musiccaps/audio/00083_-mB_XLq6g1g.wav,data/processed/musiccaps/mel/00083_-mB_XLq6g1g.npy
00084_-nlkWWphiaM,-nlkWWphiaM,30.0,10.0,"The low quality recording features a live performance that consists of fruity male vocal singing over accordion melody, acoustic rhythm guitar chords and shimmering bells. It sounds emotional and hopeful. The recording is a bit noisy and in mono, as it was probably recorded with a phone.","[""['low quality'"", ""'live performance'"", ""'fruity male vocal'"", ""'accordion melody'"", ""'acoustic rhythm guitar'"", ""'shimmering bells'"", ""'emotional'"", ""'hopeful'"", ""'mono'"", ""'noisy']""]",data/processed/musiccaps/audio/00084_-nlkWWphiaM.wav,data/processed/musiccaps/mel/00084_-nlkWWphiaM.npy
00085_-o0ZtQIkM60,-o0ZtQIkM60,30.0,10.0,This is a video game theme. There is a cinematic string sound playing the melody while the wind sound effect implies there is a snowstorm. A male choir starts singing alongside orchestral percussive elements. There is an epic atmosphere. This piece could fit well in the soundtrack of a thriller video game where there is a face-off about to happen.,"[""['video game theme'"", ""'cinematic strings'"", ""'wind sound effect'"", ""'male choir'"", ""'percussion'"", ""'epic'"", ""'dramatic'"", ""'tension']""]",data/processed/musiccaps/audio/00085_-o0ZtQIkM60.wav,data/processed/musiccaps/mel/00085_-o0ZtQIkM60.npy
00086_-oP-XX28B0s,-oP-XX28B0s,30.0,10.0,"A male singer sings this cool hip hop love song with backup singers in vocal harmony. The tempo is medium with keyboard accompaniment, piano accompaniment, steady drumming rhythm, clapping percussion and other sonic effects. The song is emotional and romantic with a cool dance  groove,","[""['male singer'"", ""'hip hop music'"", ""'backup singers'"", ""'live performance'"", ""'live audience'"", ""'super hits'"", ""'piano accompaniment'"", ""'groovy bass line'"", ""'steady drumming line'"", ""'slick drumming rhythm'"", ""'emotional'"", ""'romantic'"", ""'passionate'"", ""'together forever'"", ""'love song'"", ""'hip hop hits'"", ""'groovy rhythm'"", ""'dance song'"", ""'hip hops love song'"", ""'clapping rhythm']""]",data/processed/musiccaps/audio/00086_-oP-XX28B0s.wav,data/processed/musiccaps/mel/00086_-oP-XX28B0s.npy
00087_-pUfYFcsgG4,-pUfYFcsgG4,0.0,10.0,This recording contains environmental sounds such as birds singing. Then bells start playing a melody with a long release time. This is an amateur recording. This song may be playing outside in a park at a fixed time.,"[""['amateur recording'"", ""'bell sounds'"", ""'birds singing']""]",data/processed/musiccaps/audio/00087_-pUfYFcsgG4.wav,data/processed/musiccaps/mel/00087_-pUfYFcsgG4.npy
00088_-qcTD2o6I9s,-qcTD2o6I9s,30.0,10.0,The kick is playing on every beat along with a fast paced high hat and a snare sound. The digital bass is adding some spice and sounds overdriven. Pad sounds can be heard in the background while a synth lead sound is playing a simple repetitive melody. A male voice is rapping/singing. A lot of backing vocals with delay are adding energy to the mix. This song may be playing in a car.,"[""['techno/pop'"", ""'digital drums'"", ""'synth lead'"", ""'organ'"", ""'pad sounds'"", ""'male voice singing/rapping'"", ""'backing vocals'"", ""'fast tempo']""]",data/processed/musiccaps/audio/00088_-qcTD2o6I9s.wav,data/processed/musiccaps/mel/00088_-qcTD2o6I9s.npy
00089_-r2-9oyIzkQ,-r2-9oyIzkQ,30.0,10.0,"The Romance song features an electric guitar lick, low toms roll and soft crash cymbal, followed by emotional piano chord progression and wide background crowd screams, as the passionate male vocal sings over it. Judging by the crowd sound effect, it seems that this is a live performance. Sounds emotional, passionate, heartfelt and romantic.","[""['romance'"", ""'wide background crowd screaming'"", ""'electric guitar lick'"", ""'emotional piano chord progression'"", ""'passionate male vocal'"", ""'low tom roll'"", ""'soft crash cymbal'"", ""'heartfelt'"", ""'romantic'"", ""'emotional'"", ""'passionate']""]",data/processed/musiccaps/audio/00089_-r2-9oyIzkQ.wav,data/processed/musiccaps/mel/00089_-r2-9oyIzkQ.npy
00090_-r7iz-9v9bA,-r7iz-9v9bA,30.0,10.0,This song features a female voice singing in opera style using only vocables and no words. This is accompanied by violins playing eighth note patterns that change according to the chords being played. The bass follows the root notes of the chords. A muted guitar or string instrument plays arpeggiated chords. This song can be played in a fantasy game.,"[""['opera song'"", ""'symphonic'"", ""'female voice'"", ""'string section'"", ""'bass'"", ""'muted guitar'"", ""'fantasy song'"", ""'slow tempo']""]",data/processed/musiccaps/audio/00090_-r7iz-9v9bA.wav,data/processed/musiccaps/mel/00090_-r7iz-9v9bA.npy
00091_-rAhS48FkYw,-rAhS48FkYw,30.0,10.0,"The low quality recording features a pop song that consists of a passionate male vocal singing over mellow kick hits, shimmering hi hats, wide electric guitar melody, syncopated snare and wooden percussion. The first half of the loop does not consist of the vocal, snare and hi hats. It sounds happy, fun and joyful.","[""['low quality'"", ""'pop'"", ""'passionate male vocal'"", ""'happy'"", ""'fun'"", ""'joyful'"", ""'mellow kick hits'"", ""'shimmering hi hats'"", ""'wide electric guitar melody'"", ""'wooden percussions'"", ""'syncopated snare']""]",data/processed/musiccaps/audio/00091_-rAhS48FkYw.wav,data/processed/musiccaps/mel/00091_-rAhS48FkYw.npy
00092_-sRFfU8k0Zs,-sRFfU8k0Zs,90.0,10.0,"This is an Arabic movie music piece. It is an instrumental piece. There is a clarinet playing a vague melody. The sound of knives being rubbed against one another can be heard. There is an ominous, terrifying atmosphere. This piece could be used in the soundtrack of a horror movie to imply the feeling of hopelessness.","[""['movie music'"", ""'arabic'"", ""'instrumental'"", ""'clarinet'"", ""'sound effects'"", ""'knives'"", ""'horror'"", ""'terrifying'"", ""'ominous'"", ""'hopeless']""]",data/processed/musiccaps/audio/00092_-sRFfU8k0Zs.wav,data/processed/musiccaps/mel/00092_-sRFfU8k0Zs.npy
00094_-tKZOl4q1Kw,-tKZOl4q1Kw,20.0,10.0,"The clip just contains a high pitched synth melody. The motif keeps going higher in pitch, and then eventually a riser comes in. The combination of these two factors creates a sense of build-up to a climactic moment.","[""['high pitched synth'"", ""'riser'"", ""'fuzzy synth'"", ""'motif'"", ""'synth melody']""]",data/processed/musiccaps/audio/00094_-tKZOl4q1Kw.wav,data/processed/musiccaps/mel/00094_-tKZOl4q1Kw.npy
00095_-taO6N-rxv4,-taO6N-rxv4,30.0,10.0,This is a rock music piece playing in the background of a tutorial video. There is an electric guitar playing a simple tune as the lead while another provides a rhythmic backing by playing the same note repeatedly in rapid procession. There is an acoustic drum beat playing. There are water sound effects related to the video. The piece has a generic feeling. It does not evoke much excitement. It could be used as a jingle for an advertisement or in the background of an instructive video.,"[""['rock music'"", ""'tutorial'"", ""'electric guitar'"", ""'acoustic drums'"", ""'sound effects'"", ""'underwater'"", ""'loud'"", ""'generic'"", ""'common sounding']""]",data/processed/musiccaps/audio/00095_-taO6N-rxv4.wav,data/processed/musiccaps/mel/00095_-taO6N-rxv4.npy
00096_-tmY1GEH3_Y,-tmY1GEH3_Y,30.0,10.0,"The low quality recording features a pop song that consists of an echoing male vocal singing over punchy kick and snare hits, shimmering hi hats, metallic percussions, synth lead melody, synth pad chords and groovy synth bass. It sounds energetic, nostalgic and exciting - like something you would hear in clubs during the 80s.","[""['low quality'"", ""'pop'"", ""'echoing male vocal'"", ""'punchy snare'"", ""'shimmering hi hats'"", ""'punchy kick'"", ""'metallic percussions'"", ""'synth lead melody'"", ""'synth pad chords'"", ""'groovy synth bass'"", ""'energetic'"", ""'exciting'"", ""'nostalgic']""]",data/processed/musiccaps/audio/00096_-tmY1GEH3_Y.wav,data/processed/musiccaps/mel/00096_-tmY1GEH3_Y.npy
00098_-uaTK8sa5Ms,-uaTK8sa5Ms,10.0,10.0,An acoustic drum set is playing a 16th note rhythm using the edge of his snare and a hihat sound opening and closing. A banjo is playing a fast melody along with a violin/viola playing the same melody. An upright bass is playing a walking bassline. This song may be playing in a funny tv-show.,"[""['country'"", ""'banjo'"", ""'acoustic piano'"", ""'violin'"", ""'upright bass'"", ""'uptempo']""]",data/processed/musiccaps/audio/00098_-uaTK8sa5Ms.wav,data/processed/musiccaps/mel/00098_-uaTK8sa5Ms.npy
00099_-v5hgCh3M2w,-v5hgCh3M2w,30.0,10.0,"The Soft Rock song features a passionate female vocalist singing over a wide electric guitar melody, punchy snare, soft kick hits, groovy bass guitar and shimmering hi-hats. It sounds sad, emotional and passionate - like something you would listen to on a day you are feeling down.","[""['soft rock'"", ""'passionate female vocal'"", ""'wide electric guitar melody'"", ""'punchy snare'"", ""'shimmering hi hats'"", ""'soft kick hits'"", ""'groovy bass guitar'"", ""'sad'"", ""'emotional'"", ""'passionate']""]",data/processed/musiccaps/audio/00099_-v5hgCh3M2w.wav,data/processed/musiccaps/mel/00099_-v5hgCh3M2w.npy
